k,Silhouette_mean (cosine),Silhouette_mean (euclidean),ARI_mean,scaler,geometry,n_neighbors
2,0.537,0.365,1.0,Share of Total,euclidean,9
2,0.525,0.354,1.0,Share of Total,euclidean,10
2,0.525,0.354,1.0,Share of Total,euclidean,11
2,0.527,0.352,1.0,Share of Total,euclidean,12
2,0.527,0.352,1.0,Share of Total,euclidean,13
2,0.527,0.352,1.0,Share of Total,euclidean,14
2,0.512,0.345,1.0,Share of Total,euclidean,6
2,0.512,0.345,1.0,Share of Total,euclidean,7
2,0.512,0.345,1.0,Share of Total,euclidean,8
2,0.537,0.343,1.0,L2 Normalization,euclidean,7
2,0.537,0.343,1.0,L2 Normalization,euclidean,8
2,0.537,0.343,1.0,Share of Top 30 (L1 Norm),euclidean,7
2,0.505,0.336,0.98,Share of Total,euclidean,5
2,0.527,0.333,1.0,L2 Normalization,euclidean,12
2,0.527,0.333,1.0,L2 Normalization,euclidean,13
2,0.527,0.333,1.0,L2 Normalization,euclidean,14
2,0.525,0.333,1.0,L2 Normalization,euclidean,10
2,0.525,0.333,1.0,L2 Normalization,euclidean,9
2,0.525,0.331,1.0,Share of Top 30 (L1 Norm),euclidean,10
2,0.527,0.33,1.0,Share of Top 30 (L1 Norm),euclidean,11
2,0.527,0.33,1.0,Share of Top 30 (L1 Norm),euclidean,12
2,0.527,0.33,1.0,Share of Top 30 (L1 Norm),euclidean,13
2,0.527,0.33,1.0,Share of Top 30 (L1 Norm),euclidean,14
2,0.523,0.329,1.0,L2 Normalization,euclidean,15
2,0.523,0.329,1.0,L2 Normalization,euclidean,16
2,0.512,0.328,1.0,L2 Normalization,euclidean,11
2,0.512,0.328,1.0,L2 Normalization,euclidean,6
2,0.509,0.328,0.999,L2 Normalization,euclidean,5
2,0.523,0.326,1.0,Share of Top 30 (L1 Norm),euclidean,15
2,0.512,0.323,1.0,Share of Top 30 (L1 Norm),euclidean,5
2,0.512,0.323,1.0,Share of Top 30 (L1 Norm),euclidean,6
2,0.512,0.323,1.0,Share of Top 30 (L1 Norm),euclidean,8
2,0.502,0.321,1.0,Share of Total,euclidean,15
2,0.506,0.312,1.0,Share of Top 30 (L1 Norm),euclidean,16
2,0.5,0.312,1.0,L2 Normalization,euclidean,17
2,0.5,0.312,1.0,Share of Top 30 (L1 Norm),euclidean,9
2,0.494,0.312,1.0,TF-IDF,euclidean,5
2,0.491,0.312,1.0,Share of Total,euclidean,16
2,0.493,0.31,1.0,TF-IDF,euclidean,10
2,0.493,0.31,1.0,TF-IDF,euclidean,11
2,0.493,0.31,1.0,TF-IDF,euclidean,6
2,0.493,0.31,1.0,TF-IDF,euclidean,7
2,0.493,0.31,1.0,TF-IDF,euclidean,8
2,0.493,0.31,1.0,TF-IDF,euclidean,9
2,0.495,0.307,1.0,TF-IDF,euclidean,12
2,0.495,0.307,1.0,TF-IDF,euclidean,14
2,0.495,0.307,1.0,TF-IDF,euclidean,15
2,0.495,0.307,0.999,TF-IDF,euclidean,17
2,0.495,0.307,0.996,TF-IDF,euclidean,18
2,0.489,0.303,1.0,L2 Normalization,euclidean,18
2,0.489,0.303,1.0,TF-IDF,euclidean,16
2,0.476,0.295,1.0,TF-IDF,euclidean,13
2,0.469,0.286,1.0,Share of Top 30 (L1 Norm),euclidean,17
2,0.469,0.286,1.0,Share of Top 30 (L1 Norm),euclidean,18
2,0.469,0.286,1.0,Share of Top 30 (L1 Norm),euclidean,19
2,0.469,0.286,1.0,Share of Top 30 (L1 Norm),euclidean,20
2,0.456,0.28,1.0,L2 Normalization,euclidean,19
2,0.456,0.28,1.0,L2 Normalization,euclidean,20
2,0.456,0.28,1.0,Share of Total,euclidean,17
2,0.456,0.28,1.0,Share of Total,euclidean,18
2,0.456,0.28,1.0,Share of Total,euclidean,19
2,0.446,0.272,1.0,Share of Total,euclidean,20
2,0.445,0.272,1.0,TF-IDF,euclidean,19
2,0.404,0.245,1.0,TF-IDF,euclidean,20
3,0.355,0.211,1.0,L2 Normalization,euclidean,10
3,0.354,0.211,1.0,L2 Normalization,euclidean,8
3,0.354,0.21,1.0,L2 Normalization,euclidean,11
3,0.347,0.206,1.0,L2 Normalization,euclidean,12
3,0.338,0.203,1.0,L2 Normalization,euclidean,6
3,0.354,0.201,1.0,Share of Total,euclidean,10
3,0.351,0.201,1.0,Share of Total,euclidean,11
3,0.351,0.201,0.997,Share of Top 30 (L1 Norm),euclidean,9
3,0.334,0.201,1.0,L2 Normalization,euclidean,7
3,0.35,0.199,1.0,Share of Top 30 (L1 Norm),euclidean,14
3,0.35,0.199,0.998,Share of Top 30 (L1 Norm),euclidean,17
3,0.336,0.199,1.0,L2 Normalization,euclidean,15
3,0.35,0.198,1.0,Share of Total,euclidean,14
3,0.334,0.198,1.0,L2 Normalization,euclidean,13
3,0.334,0.198,1.0,L2 Normalization,euclidean,14
3,0.349,0.197,0.984,Share of Total,euclidean,15
3,0.348,0.197,0.998,Share of Total,euclidean,16
3,0.346,0.197,1.0,Share of Top 30 (L1 Norm),euclidean,15
3,0.332,0.197,0.997,L2 Normalization,euclidean,16
3,0.351,0.196,1.0,Share of Total,euclidean,17
3,0.331,0.196,1.0,L2 Normalization,euclidean,20
3,0.341,0.195,1.0,Share of Total,euclidean,8
3,0.342,0.194,0.995,Share of Top 30 (L1 Norm),euclidean,13
3,0.34,0.194,1.0,Share of Top 30 (L1 Norm),euclidean,10
3,0.34,0.191,1.0,Share of Total,euclidean,13
3,0.319,0.19,1.0,L2 Normalization,euclidean,17
3,0.331,0.189,1.0,Share of Total,euclidean,7
3,0.318,0.189,1.0,L2 Normalization,euclidean,18
3,0.318,0.189,1.0,L2 Normalization,euclidean,19
3,0.336,0.187,1.0,Share of Top 30 (L1 Norm),euclidean,18
3,0.336,0.187,1.0,Share of Top 30 (L1 Norm),euclidean,19
3,0.318,0.187,1.0,TF-IDF,euclidean,7
3,0.332,0.186,1.0,Share of Top 30 (L1 Norm),euclidean,16
3,0.324,0.186,1.0,Share of Top 30 (L1 Norm),euclidean,8
3,0.317,0.186,0.987,TF-IDF,euclidean,18
3,0.335,0.184,1.0,Share of Total,euclidean,20
3,0.335,0.184,0.988,Share of Total,euclidean,12
3,0.313,0.184,1.0,TF-IDF,euclidean,10
3,0.313,0.184,1.0,TF-IDF,euclidean,9
3,0.303,0.184,1.0,L2 Normalization,euclidean,5
3,0.336,0.183,0.99,Share of Total,euclidean,18
3,0.31,0.182,1.0,TF-IDF,euclidean,13
3,0.309,0.181,1.0,TF-IDF,euclidean,11
3,0.312,0.18,0.997,Share of Top 30 (L1 Norm),euclidean,5
3,0.307,0.18,1.0,TF-IDF,euclidean,14
3,0.319,0.179,1.0,Share of Top 30 (L1 Norm),euclidean,20
3,0.309,0.179,1.0,TF-IDF,euclidean,16
3,0.309,0.179,0.999,TF-IDF,euclidean,17
3,0.305,0.179,1.0,TF-IDF,euclidean,8
3,0.286,0.178,1.0,L2 Normalization,euclidean,9
3,0.305,0.177,0.998,TF-IDF,euclidean,15
3,0.301,0.177,1.0,TF-IDF,euclidean,12
3,0.33,0.176,1.0,Share of Total,euclidean,19
3,0.3,0.175,1.0,TF-IDF,euclidean,19
3,0.272,0.171,1.0,Share of Top 30 (L1 Norm),euclidean,7
3,0.28,0.17,0.999,Share of Top 30 (L1 Norm),euclidean,12
3,0.267,0.17,1.0,Share of Top 30 (L1 Norm),euclidean,6
3,0.273,0.169,1.0,Share of Total,euclidean,6
3,0.289,0.168,0.985,TF-IDF,euclidean,20
3,0.269,0.166,1.0,Share of Top 30 (L1 Norm),euclidean,11
3,0.261,0.161,1.0,Share of Total,euclidean,9
3,0.258,0.155,1.0,TF-IDF,euclidean,6
3,0.242,0.149,1.0,TF-IDF,euclidean,5
3,0.234,0.142,0.983,Share of Total,euclidean,5
4,0.326,0.197,1.0,L2 Normalization,euclidean,10
4,0.326,0.197,0.975,L2 Normalization,euclidean,13
4,0.324,0.196,0.993,L2 Normalization,euclidean,11
4,0.327,0.194,1.0,L2 Normalization,euclidean,16
4,0.327,0.194,0.997,L2 Normalization,euclidean,17
4,0.326,0.193,1.0,L2 Normalization,euclidean,20
4,0.324,0.193,1.0,L2 Normalization,euclidean,14
4,0.325,0.192,1.0,L2 Normalization,euclidean,18
4,0.325,0.192,1.0,L2 Normalization,euclidean,19
4,0.318,0.192,0.997,L2 Normalization,euclidean,9
4,0.316,0.192,1.0,L2 Normalization,euclidean,8
4,0.315,0.191,1.0,L2 Normalization,euclidean,12
4,0.32,0.19,0.985,L2 Normalization,euclidean,15
4,0.308,0.188,1.0,L2 Normalization,euclidean,6
4,0.326,0.187,1.0,Share of Total,euclidean,10
4,0.317,0.185,1.0,Share of Total,euclidean,11
4,0.323,0.184,0.996,Share of Top 30 (L1 Norm),euclidean,17
4,0.329,0.183,1.0,Share of Top 30 (L1 Norm),euclidean,20
4,0.325,0.183,1.0,Share of Top 30 (L1 Norm),euclidean,13
4,0.325,0.183,1.0,Share of Top 30 (L1 Norm),euclidean,14
4,0.32,0.183,1.0,Share of Top 30 (L1 Norm),euclidean,10
4,0.327,0.182,1.0,Share of Top 30 (L1 Norm),euclidean,19
4,0.321,0.182,1.0,Share of Top 30 (L1 Norm),euclidean,15
4,0.321,0.182,0.999,Share of Total,euclidean,17
4,0.32,0.182,0.985,Share of Top 30 (L1 Norm),euclidean,11
4,0.319,0.182,0.986,Share of Total,euclidean,16
4,0.318,0.182,0.999,Share of Total,euclidean,8
4,0.328,0.181,1.0,Share of Top 30 (L1 Norm),euclidean,16
4,0.324,0.181,0.982,Share of Top 30 (L1 Norm),euclidean,18
4,0.316,0.181,1.0,Share of Total,euclidean,12
4,0.316,0.181,0.997,Share of Total,euclidean,13
4,0.315,0.181,1.0,Share of Top 30 (L1 Norm),euclidean,7
4,0.315,0.181,0.999,Share of Top 30 (L1 Norm),euclidean,6
4,0.294,0.181,1.0,L2 Normalization,euclidean,7
4,0.317,0.18,1.0,Share of Top 30 (L1 Norm),euclidean,12
4,0.313,0.179,0.997,Share of Total,euclidean,14
4,0.309,0.179,0.992,Share of Top 30 (L1 Norm),euclidean,9
4,0.306,0.179,0.993,Share of Total,euclidean,15
4,0.312,0.178,0.997,Share of Top 30 (L1 Norm),euclidean,8
4,0.287,0.178,0.998,L2 Normalization,euclidean,5
4,0.31,0.177,1.0,Share of Total,euclidean,9
4,0.324,0.176,0.974,Share of Total,euclidean,18
4,0.321,0.175,1.0,Share of Total,euclidean,19
4,0.321,0.175,0.999,Share of Total,euclidean,20
4,0.297,0.174,1.0,Share of Total,euclidean,7
4,0.288,0.17,1.0,Share of Total,euclidean,6
4,0.287,0.168,1.0,Share of Total,euclidean,5
4,0.283,0.168,1.0,TF-IDF,euclidean,9
4,0.288,0.167,1.0,Share of Top 30 (L1 Norm),euclidean,5
4,0.282,0.166,0.996,TF-IDF,euclidean,11
4,0.277,0.164,0.994,TF-IDF,euclidean,13
4,0.277,0.164,0.963,TF-IDF,euclidean,10
4,0.276,0.164,1.0,TF-IDF,euclidean,12
4,0.275,0.163,1.0,TF-IDF,euclidean,15
4,0.275,0.163,0.999,TF-IDF,euclidean,16
4,0.275,0.163,0.991,TF-IDF,euclidean,17
4,0.274,0.162,1.0,TF-IDF,euclidean,14
4,0.273,0.161,0.979,TF-IDF,euclidean,19
4,0.273,0.161,0.973,TF-IDF,euclidean,20
4,0.272,0.161,0.997,TF-IDF,euclidean,18
4,0.27,0.161,0.999,TF-IDF,euclidean,7
4,0.269,0.16,0.994,TF-IDF,euclidean,8
4,0.267,0.16,1.0,TF-IDF,euclidean,6
4,0.227,0.141,1.0,TF-IDF,euclidean,5
5,0.291,0.172,1.0,L2 Normalization,euclidean,9
5,0.28,0.17,0.999,Share of Top 30 (L1 Norm),euclidean,16
5,0.276,0.17,0.996,Share of Top 30 (L1 Norm),euclidean,20
5,0.274,0.17,0.989,Share of Top 30 (L1 Norm),euclidean,19
5,0.27,0.17,0.942,Share of Top 30 (L1 Norm),euclidean,15
5,0.287,0.169,1.0,L2 Normalization,euclidean,11
5,0.282,0.166,0.998,L2 Normalization,euclidean,17
5,0.28,0.166,0.938,L2 Normalization,euclidean,20
5,0.279,0.165,1.0,L2 Normalization,euclidean,10
5,0.279,0.165,0.995,L2 Normalization,euclidean,12
5,0.246,0.164,0.985,Share of Top 30 (L1 Norm),euclidean,17
5,0.274,0.163,0.961,L2 Normalization,euclidean,19
5,0.273,0.163,1.0,L2 Normalization,euclidean,7
5,0.274,0.161,1.0,L2 Normalization,euclidean,15
5,0.273,0.161,0.971,L2 Normalization,euclidean,16
5,0.272,0.161,0.995,L2 Normalization,euclidean,13
5,0.269,0.161,1.0,L2 Normalization,euclidean,8
5,0.271,0.16,0.999,L2 Normalization,euclidean,14
5,0.27,0.16,0.946,L2 Normalization,euclidean,18
5,0.287,0.158,0.999,Share of Total,euclidean,9
5,0.288,0.157,1.0,Share of Total,euclidean,10
5,0.252,0.157,1.0,Share of Top 30 (L1 Norm),euclidean,5
5,0.243,0.156,0.959,Share of Top 30 (L1 Norm),euclidean,6
5,0.283,0.155,1.0,Share of Total,euclidean,8
5,0.282,0.153,0.999,Share of Top 30 (L1 Norm),euclidean,12
5,0.279,0.153,0.999,Share of Total,euclidean,14
5,0.27,0.153,0.98,Share of Total,euclidean,6
5,0.258,0.152,0.983,Share of Total,euclidean,5
5,0.276,0.151,0.997,Share of Total,euclidean,19
5,0.253,0.151,0.998,L2 Normalization,euclidean,6
5,0.242,0.151,0.942,L2 Normalization,euclidean,5
5,0.276,0.15,1.0,Share of Total,euclidean,11
5,0.276,0.15,1.0,Share of Total,euclidean,13
5,0.272,0.15,0.999,Share of Total,euclidean,12
5,0.248,0.15,0.995,TF-IDF,euclidean,5
5,0.206,0.15,0.986,Share of Top 30 (L1 Norm),euclidean,9
5,0.265,0.149,1.0,Share of Total,euclidean,7
5,0.272,0.148,0.992,Share of Total,euclidean,15
5,0.272,0.147,1.0,Share of Top 30 (L1 Norm),euclidean,10
5,0.271,0.147,1.0,Share of Top 30 (L1 Norm),euclidean,11
5,0.268,0.147,0.997,Share of Total,euclidean,16
5,0.2,0.147,0.961,Share of Top 30 (L1 Norm),euclidean,7
5,0.264,0.146,0.957,Share of Total,euclidean,17
5,0.263,0.146,0.944,Share of Top 30 (L1 Norm),euclidean,13
5,0.247,0.146,1.0,TF-IDF,euclidean,9
5,0.264,0.145,1.0,Share of Total,euclidean,18
5,0.216,0.145,0.95,Share of Top 30 (L1 Norm),euclidean,18
5,0.245,0.144,0.988,TF-IDF,euclidean,7
5,0.216,0.144,0.985,Share of Top 30 (L1 Norm),euclidean,8
5,0.258,0.143,0.998,Share of Total,euclidean,20
5,0.242,0.143,0.964,TF-IDF,euclidean,13
5,0.241,0.143,0.989,TF-IDF,euclidean,6
5,0.228,0.142,0.897,Share of Top 30 (L1 Norm),euclidean,14
5,0.241,0.141,0.999,TF-IDF,euclidean,14
5,0.24,0.141,0.993,TF-IDF,euclidean,8
5,0.237,0.14,1.0,TF-IDF,euclidean,17
5,0.236,0.14,1.0,TF-IDF,euclidean,10
5,0.234,0.138,1.0,TF-IDF,euclidean,11
5,0.233,0.137,0.947,TF-IDF,euclidean,20
5,0.232,0.137,1.0,TF-IDF,euclidean,16
5,0.232,0.137,0.999,TF-IDF,euclidean,15
5,0.231,0.136,0.976,TF-IDF,euclidean,18
5,0.23,0.135,0.99,TF-IDF,euclidean,12
5,0.226,0.133,0.952,TF-IDF,euclidean,19
6,0.299,0.176,0.99,L2 Normalization,euclidean,11
6,0.298,0.175,1.0,L2 Normalization,euclidean,9
6,0.297,0.175,0.966,L2 Normalization,euclidean,18
6,0.29,0.17,0.97,L2 Normalization,euclidean,17
6,0.287,0.168,0.963,L2 Normalization,euclidean,19
6,0.277,0.166,0.994,L2 Normalization,euclidean,8
6,0.281,0.165,0.975,L2 Normalization,euclidean,15
6,0.278,0.163,0.985,L2 Normalization,euclidean,16
6,0.277,0.162,0.953,L2 Normalization,euclidean,20
6,0.295,0.161,0.997,Share of Total,euclidean,19
6,0.291,0.161,0.961,Share of Total,euclidean,15
6,0.299,0.16,0.972,Share of Total,euclidean,18
6,0.299,0.159,0.994,Share of Total,euclidean,9
6,0.294,0.159,0.961,Share of Total,euclidean,20
6,0.291,0.159,0.979,Share of Total,euclidean,14
6,0.288,0.153,0.993,Share of Total,euclidean,10
6,0.245,0.153,0.962,Share of Top 30 (L1 Norm),euclidean,15
6,0.286,0.152,0.979,Share of Total,euclidean,17
6,0.257,0.152,1.0,L2 Normalization,euclidean,6
6,0.281,0.151,0.989,Share of Total,euclidean,8
6,0.258,0.151,0.99,TF-IDF,euclidean,8
6,0.253,0.151,0.921,L2 Normalization,euclidean,10
6,0.252,0.149,0.998,L2 Normalization,euclidean,7
6,0.254,0.148,0.988,TF-IDF,euclidean,9
6,0.278,0.147,0.981,Share of Total,euclidean,16
6,0.259,0.146,0.973,Share of Total,euclidean,5
6,0.251,0.146,0.989,TF-IDF,euclidean,19
6,0.244,0.146,0.988,TF-IDF,euclidean,5
6,0.247,0.144,0.926,TF-IDF,euclidean,6
6,0.233,0.144,0.923,Share of Top 30 (L1 Norm),euclidean,10
6,0.231,0.144,0.895,Share of Top 30 (L1 Norm),euclidean,13
6,0.209,0.144,0.985,Share of Top 30 (L1 Norm),euclidean,12
6,0.19,0.144,0.993,Share of Top 30 (L1 Norm),euclidean,5
6,0.237,0.143,0.891,Share of Top 30 (L1 Norm),euclidean,18
6,0.235,0.143,0.982,L2 Normalization,euclidean,13
6,0.234,0.142,0.982,L2 Normalization,euclidean,12
6,0.256,0.141,0.989,Share of Top 30 (L1 Norm),euclidean,11
6,0.256,0.141,0.989,Share of Total,euclidean,7
6,0.242,0.141,0.958,TF-IDF,euclidean,18
6,0.236,0.141,0.882,Share of Top 30 (L1 Norm),euclidean,19
6,0.204,0.141,0.994,Share of Top 30 (L1 Norm),euclidean,9
6,0.248,0.14,0.992,Share of Total,euclidean,6
6,0.24,0.14,0.997,TF-IDF,euclidean,7
6,0.24,0.14,0.987,TF-IDF,euclidean,15
6,0.237,0.14,0.915,Share of Top 30 (L1 Norm),euclidean,16
6,0.229,0.14,1.0,L2 Normalization,euclidean,14
6,0.235,0.139,0.992,TF-IDF,euclidean,10
6,0.235,0.138,0.926,Share of Top 30 (L1 Norm),euclidean,17
6,0.234,0.137,0.986,TF-IDF,euclidean,11
6,0.237,0.136,0.979,TF-IDF,euclidean,20
6,0.234,0.135,0.981,Share of Total,euclidean,11
6,0.193,0.135,0.978,Share of Top 30 (L1 Norm),euclidean,7
6,0.229,0.134,0.963,Share of Top 30 (L1 Norm),euclidean,14
6,0.177,0.134,0.982,Share of Top 30 (L1 Norm),euclidean,6
6,0.235,0.132,0.988,Share of Total,euclidean,13
6,0.211,0.132,0.884,Share of Top 30 (L1 Norm),euclidean,8
6,0.225,0.13,0.82,Share of Top 30 (L1 Norm),euclidean,20
6,0.223,0.13,0.917,TF-IDF,euclidean,12
6,0.224,0.129,0.971,Share of Total,euclidean,12
6,0.207,0.123,0.93,TF-IDF,euclidean,13
6,0.178,0.117,0.843,L2 Normalization,euclidean,5
6,0.193,0.116,0.926,TF-IDF,euclidean,14
6,0.192,0.116,0.965,TF-IDF,euclidean,16
6,0.192,0.116,0.88,TF-IDF,euclidean,17
7,0.269,0.159,0.985,L2 Normalization,euclidean,9
7,0.259,0.156,0.939,Share of Top 30 (L1 Norm),euclidean,18
7,0.259,0.155,0.895,L2 Normalization,euclidean,18
7,0.258,0.155,0.967,L2 Normalization,euclidean,14
7,0.257,0.155,0.924,Share of Top 30 (L1 Norm),euclidean,20
7,0.247,0.154,1.0,Share of Top 30 (L1 Norm),euclidean,11
7,0.244,0.154,1.0,Share of Top 30 (L1 Norm),euclidean,10
7,0.261,0.153,0.863,L2 Normalization,euclidean,19
7,0.258,0.152,0.918,Share of Top 30 (L1 Norm),euclidean,19
7,0.253,0.152,0.909,L2 Normalization,euclidean,17
7,0.252,0.152,0.914,L2 Normalization,euclidean,16
7,0.262,0.151,0.938,Share of Top 30 (L1 Norm),euclidean,16
7,0.258,0.151,0.924,Share of Top 30 (L1 Norm),euclidean,17
7,0.257,0.151,0.817,L2 Normalization,euclidean,20
7,0.253,0.151,0.925,L2 Normalization,euclidean,11
7,0.252,0.15,0.959,L2 Normalization,euclidean,10
7,0.252,0.15,0.856,L2 Normalization,euclidean,15
7,0.263,0.149,0.914,Share of Top 30 (L1 Norm),euclidean,15
7,0.25,0.149,0.977,L2 Normalization,euclidean,13
7,0.245,0.149,0.992,Share of Top 30 (L1 Norm),euclidean,9
7,0.255,0.148,0.964,Share of Top 30 (L1 Norm),euclidean,12
7,0.254,0.147,0.963,Share of Top 30 (L1 Norm),euclidean,13
7,0.245,0.146,0.932,L2 Normalization,euclidean,7
7,0.244,0.146,0.931,L2 Normalization,euclidean,12
7,0.245,0.145,0.968,Share of Top 30 (L1 Norm),euclidean,8
7,0.21,0.145,0.941,Share of Top 30 (L1 Norm),euclidean,6
7,0.248,0.144,0.96,Share of Top 30 (L1 Norm),euclidean,14
7,0.244,0.144,0.933,Share of Total,euclidean,18
7,0.238,0.144,0.906,L2 Normalization,euclidean,6
7,0.219,0.144,0.987,Share of Top 30 (L1 Norm),euclidean,7
7,0.258,0.142,0.951,Share of Total,euclidean,14
7,0.253,0.142,0.913,Share of Total,euclidean,15
7,0.24,0.142,0.887,Share of Total,euclidean,17
7,0.235,0.142,0.937,L2 Normalization,euclidean,8
7,0.258,0.141,0.993,Share of Total,euclidean,13
7,0.249,0.141,0.909,Share of Total,euclidean,19
7,0.247,0.14,0.853,Share of Total,euclidean,16
7,0.258,0.138,0.868,Share of Total,euclidean,9
7,0.245,0.138,0.912,Share of Total,euclidean,12
7,0.249,0.137,0.998,Share of Total,euclidean,6
7,0.235,0.137,0.998,TF-IDF,euclidean,8
7,0.245,0.136,0.754,Share of Total,euclidean,20
7,0.21,0.136,0.995,L2 Normalization,euclidean,5
7,0.24,0.135,0.966,Share of Total,euclidean,11
7,0.254,0.134,0.951,Share of Total,euclidean,8
7,0.244,0.134,0.928,Share of Total,euclidean,10
7,0.225,0.132,0.976,TF-IDF,euclidean,5
7,0.185,0.132,0.999,Share of Top 30 (L1 Norm),euclidean,5
7,0.224,0.131,1.0,TF-IDF,euclidean,6
7,0.241,0.13,0.954,Share of Total,euclidean,5
7,0.222,0.129,0.923,TF-IDF,euclidean,18
7,0.213,0.126,0.933,TF-IDF,euclidean,7
7,0.212,0.126,0.948,TF-IDF,euclidean,16
7,0.212,0.126,0.912,TF-IDF,euclidean,17
7,0.213,0.124,0.947,TF-IDF,euclidean,19
7,0.208,0.124,0.891,TF-IDF,euclidean,15
7,0.208,0.124,0.885,TF-IDF,euclidean,14
7,0.21,0.123,0.957,TF-IDF,euclidean,10
7,0.208,0.123,0.962,TF-IDF,euclidean,12
7,0.208,0.123,0.931,TF-IDF,euclidean,13
7,0.208,0.121,0.873,TF-IDF,euclidean,20
7,0.204,0.12,0.888,TF-IDF,euclidean,11
7,0.202,0.12,0.874,TF-IDF,euclidean,9
7,0.207,0.119,0.92,Share of Total,euclidean,7
8,0.246,0.157,0.936,Share of Top 30 (L1 Norm),euclidean,16
8,0.235,0.157,0.937,Share of Top 30 (L1 Norm),euclidean,18
8,0.244,0.155,0.905,Share of Top 30 (L1 Norm),euclidean,19
8,0.242,0.152,0.929,Share of Top 30 (L1 Norm),euclidean,17
8,0.242,0.152,0.893,Share of Top 30 (L1 Norm),euclidean,20
8,0.255,0.151,0.861,L2 Normalization,euclidean,19
8,0.254,0.151,0.81,L2 Normalization,euclidean,18
8,0.251,0.148,0.8,L2 Normalization,euclidean,20
8,0.248,0.146,0.891,L2 Normalization,euclidean,17
8,0.242,0.145,0.988,L2 Normalization,euclidean,11
8,0.241,0.145,0.96,Share of Top 30 (L1 Norm),euclidean,14
8,0.236,0.145,0.983,Share of Top 30 (L1 Norm),euclidean,10
8,0.241,0.144,0.996,L2 Normalization,euclidean,9
8,0.237,0.144,0.912,Share of Top 30 (L1 Norm),euclidean,15
8,0.236,0.144,0.968,L2 Normalization,euclidean,6
8,0.218,0.144,0.934,Share of Top 30 (L1 Norm),euclidean,6
8,0.24,0.143,0.853,L2 Normalization,euclidean,16
8,0.239,0.143,0.997,L2 Normalization,euclidean,10
8,0.214,0.143,0.885,Share of Top 30 (L1 Norm),euclidean,7
8,0.238,0.14,0.973,Share of Top 30 (L1 Norm),euclidean,12
8,0.238,0.14,0.972,Share of Top 30 (L1 Norm),euclidean,13
8,0.233,0.14,0.939,Share of Top 30 (L1 Norm),euclidean,11
8,0.231,0.137,0.966,Share of Top 30 (L1 Norm),euclidean,9
8,0.227,0.137,0.979,Share of Top 30 (L1 Norm),euclidean,8
8,0.225,0.137,0.997,L2 Normalization,euclidean,8
8,0.224,0.137,0.931,L2 Normalization,euclidean,7
8,0.248,0.136,0.811,Share of Total,euclidean,20
8,0.229,0.136,0.859,L2 Normalization,euclidean,15
8,0.226,0.135,0.799,L2 Normalization,euclidean,13
8,0.24,0.133,0.817,Share of Total,euclidean,19
8,0.236,0.133,0.96,Share of Total,euclidean,9
8,0.233,0.133,0.927,Share of Total,euclidean,11
8,0.231,0.133,0.926,Share of Total,euclidean,12
8,0.214,0.133,0.999,L2 Normalization,euclidean,5
8,0.237,0.131,0.951,Share of Total,euclidean,17
8,0.232,0.13,0.956,Share of Total,euclidean,18
8,0.223,0.13,0.91,Share of Total,euclidean,10
8,0.223,0.13,0.907,Share of Total,euclidean,13
8,0.229,0.129,0.944,Share of Total,euclidean,14
8,0.216,0.129,0.91,L2 Normalization,euclidean,12
8,0.228,0.128,0.992,Share of Total,euclidean,5
8,0.227,0.128,0.982,Share of Total,euclidean,8
8,0.226,0.128,0.911,Share of Total,euclidean,15
8,0.202,0.128,0.976,Share of Top 30 (L1 Norm),euclidean,5
8,0.209,0.127,0.866,L2 Normalization,euclidean,14
8,0.218,0.126,0.917,Share of Total,euclidean,16
8,0.211,0.124,0.867,TF-IDF,euclidean,20
8,0.21,0.124,0.91,TF-IDF,euclidean,18
8,0.21,0.123,0.822,TF-IDF,euclidean,19
8,0.207,0.122,0.982,TF-IDF,euclidean,10
8,0.205,0.12,0.959,TF-IDF,euclidean,8
8,0.198,0.119,0.912,TF-IDF,euclidean,9
8,0.199,0.118,0.827,TF-IDF,euclidean,17
8,0.207,0.115,0.957,Share of Total,euclidean,7
8,0.192,0.115,0.949,TF-IDF,euclidean,12
8,0.192,0.114,0.895,TF-IDF,euclidean,11
8,0.186,0.112,0.82,TF-IDF,euclidean,15
8,0.185,0.111,0.864,TF-IDF,euclidean,14
8,0.184,0.111,0.834,TF-IDF,euclidean,16
8,0.179,0.109,0.906,TF-IDF,euclidean,13
8,0.172,0.107,0.938,TF-IDF,euclidean,7
8,0.172,0.105,0.981,TF-IDF,euclidean,5
8,0.169,0.104,0.988,TF-IDF,euclidean,6
8,0.164,0.096,0.842,Share of Total,euclidean,6
9,0.222,0.144,0.735,Share of Top 30 (L1 Norm),euclidean,20
9,0.24,0.143,0.904,Share of Top 30 (L1 Norm),euclidean,11
9,0.231,0.141,0.968,Share of Top 30 (L1 Norm),euclidean,6
9,0.225,0.141,0.823,Share of Top 30 (L1 Norm),euclidean,16
9,0.233,0.14,0.867,L2 Normalization,euclidean,14
9,0.224,0.14,0.813,Share of Top 30 (L1 Norm),euclidean,15
9,0.219,0.14,0.823,Share of Top 30 (L1 Norm),euclidean,18
9,0.234,0.139,0.953,Share of Top 30 (L1 Norm),euclidean,12
9,0.232,0.139,0.815,L2 Normalization,euclidean,15
9,0.225,0.139,0.805,Share of Top 30 (L1 Norm),euclidean,17
9,0.233,0.137,0.91,Share of Top 30 (L1 Norm),euclidean,13
9,0.207,0.137,0.693,Share of Top 30 (L1 Norm),euclidean,19
9,0.23,0.136,0.919,Share of Top 30 (L1 Norm),euclidean,14
9,0.224,0.136,0.896,Share of Top 30 (L1 Norm),euclidean,8
9,0.224,0.135,0.903,L2 Normalization,euclidean,10
9,0.225,0.134,0.904,L2 Normalization,euclidean,9
9,0.225,0.134,0.874,L2 Normalization,euclidean,6
9,0.225,0.134,0.69,L2 Normalization,euclidean,17
9,0.224,0.134,0.731,L2 Normalization,euclidean,16
9,0.222,0.133,0.879,L2 Normalization,euclidean,11
9,0.218,0.133,0.798,L2 Normalization,euclidean,7
9,0.222,0.132,0.684,L2 Normalization,euclidean,18
9,0.222,0.132,0.683,L2 Normalization,euclidean,19
9,0.227,0.131,0.713,Share of Total,euclidean,20
9,0.222,0.131,0.842,Share of Top 30 (L1 Norm),euclidean,10
9,0.219,0.13,0.917,L2 Normalization,euclidean,8
9,0.218,0.13,0.905,Share of Total,euclidean,9
9,0.215,0.13,0.821,L2 Normalization,euclidean,12
9,0.224,0.129,0.874,Share of Total,euclidean,16
9,0.22,0.128,0.809,Share of Total,euclidean,18
9,0.22,0.128,0.756,Share of Total,euclidean,19
9,0.218,0.128,0.837,Share of Total,euclidean,17
9,0.217,0.128,0.685,L2 Normalization,euclidean,20
9,0.21,0.128,0.974,L2 Normalization,euclidean,5
9,0.2,0.128,0.81,Share of Top 30 (L1 Norm),euclidean,7
9,0.22,0.127,0.899,Share of Total,euclidean,15
9,0.219,0.127,0.941,Share of Total,euclidean,14
9,0.207,0.127,0.887,Share of Top 30 (L1 Norm),euclidean,5
9,0.222,0.126,0.887,Share of Total,euclidean,12
9,0.207,0.124,0.828,L2 Normalization,euclidean,13
9,0.215,0.123,0.904,Share of Total,euclidean,13
9,0.21,0.122,0.851,Share of Total,euclidean,10
9,0.203,0.121,0.939,Share of Total,euclidean,8
9,0.21,0.117,0.825,Share of Total,euclidean,11
9,0.196,0.116,0.78,TF-IDF,euclidean,18
9,0.194,0.115,0.986,TF-IDF,euclidean,5
9,0.19,0.115,0.852,Share of Top 30 (L1 Norm),euclidean,9
9,0.202,0.114,0.835,Share of Total,euclidean,7
9,0.189,0.114,0.83,TF-IDF,euclidean,20
9,0.191,0.112,0.963,TF-IDF,euclidean,6
9,0.188,0.112,0.758,TF-IDF,euclidean,19
9,0.187,0.112,0.802,TF-IDF,euclidean,16
9,0.187,0.112,0.785,TF-IDF,euclidean,11
9,0.185,0.112,0.8,TF-IDF,euclidean,13
9,0.186,0.111,0.775,TF-IDF,euclidean,14
9,0.185,0.111,0.866,TF-IDF,euclidean,12
9,0.182,0.11,0.883,TF-IDF,euclidean,10
9,0.178,0.109,0.851,TF-IDF,euclidean,9
9,0.179,0.107,0.736,TF-IDF,euclidean,17
9,0.175,0.107,0.907,TF-IDF,euclidean,8
9,0.172,0.106,0.936,TF-IDF,euclidean,7
9,0.173,0.104,0.701,TF-IDF,euclidean,15
9,0.175,0.101,0.992,Share of Total,euclidean,5
9,0.132,0.086,0.857,Share of Total,euclidean,6
10,0.232,0.138,0.92,Share of Top 30 (L1 Norm),euclidean,15
10,0.232,0.138,0.912,Share of Top 30 (L1 Norm),euclidean,14
10,0.23,0.137,0.822,L2 Normalization,euclidean,15
10,0.23,0.136,0.888,Share of Top 30 (L1 Norm),euclidean,13
10,0.23,0.136,0.854,Share of Top 30 (L1 Norm),euclidean,16
10,0.231,0.135,0.896,Share of Top 30 (L1 Norm),euclidean,12
10,0.227,0.135,0.777,L2 Normalization,euclidean,16
10,0.223,0.133,0.766,L2 Normalization,euclidean,14
10,0.222,0.131,0.675,L2 Normalization,euclidean,20
10,0.22,0.129,0.668,L2 Normalization,euclidean,18
10,0.219,0.129,0.93,Share of Top 30 (L1 Norm),euclidean,6
10,0.21,0.127,0.718,Share of Top 30 (L1 Norm),euclidean,17
10,0.204,0.127,0.704,Share of Top 30 (L1 Norm),euclidean,19
10,0.203,0.127,0.72,Share of Top 30 (L1 Norm),euclidean,18
10,0.209,0.126,0.76,L2 Normalization,euclidean,9
10,0.214,0.125,0.611,L2 Normalization,euclidean,19
10,0.204,0.124,0.939,L2 Normalization,euclidean,5
10,0.2,0.124,0.705,Share of Top 30 (L1 Norm),euclidean,20
10,0.217,0.123,0.74,Share of Total,euclidean,17
10,0.208,0.123,0.792,L2 Normalization,euclidean,13
10,0.183,0.123,0.869,Share of Top 30 (L1 Norm),euclidean,5
10,0.201,0.122,0.955,L2 Normalization,euclidean,6
10,0.203,0.121,0.778,L2 Normalization,euclidean,12
10,0.211,0.12,0.772,Share of Top 30 (L1 Norm),euclidean,11
10,0.206,0.12,0.669,L2 Normalization,euclidean,17
10,0.211,0.119,0.761,Share of Total,euclidean,19
10,0.209,0.119,0.736,Share of Total,euclidean,16
10,0.199,0.119,0.812,L2 Normalization,euclidean,11
10,0.197,0.119,0.856,L2 Normalization,euclidean,7
10,0.192,0.119,0.967,Share of Top 30 (L1 Norm),euclidean,7
10,0.203,0.117,0.801,Share of Total,euclidean,14
10,0.197,0.117,0.797,L2 Normalization,euclidean,10
10,0.202,0.116,0.682,Share of Total,euclidean,20
10,0.202,0.116,0.651,Share of Total,euclidean,18
10,0.192,0.116,0.777,L2 Normalization,euclidean,8
10,0.194,0.115,0.849,Share of Total,euclidean,9
10,0.19,0.115,0.827,TF-IDF,euclidean,18
10,0.188,0.113,0.758,TF-IDF,euclidean,17
10,0.199,0.112,0.743,Share of Total,euclidean,15
10,0.189,0.112,0.792,TF-IDF,euclidean,19
10,0.187,0.112,0.754,TF-IDF,euclidean,20
10,0.18,0.112,0.814,Share of Top 30 (L1 Norm),euclidean,8
10,0.194,0.111,0.94,Share of Total,euclidean,7
10,0.186,0.111,0.825,Share of Top 30 (L1 Norm),euclidean,10
10,0.183,0.111,0.838,TF-IDF,euclidean,14
10,0.173,0.111,0.897,Share of Top 30 (L1 Norm),euclidean,9
10,0.182,0.11,0.757,TF-IDF,euclidean,16
10,0.18,0.109,0.775,TF-IDF,euclidean,13
10,0.187,0.108,0.747,Share of Total,euclidean,10
10,0.185,0.108,0.923,Share of Total,euclidean,8
10,0.177,0.108,0.794,TF-IDF,euclidean,15
10,0.191,0.107,0.702,Share of Total,euclidean,12
10,0.187,0.107,0.755,Share of Total,euclidean,13
10,0.172,0.106,0.773,TF-IDF,euclidean,8
10,0.188,0.105,0.755,Share of Total,euclidean,11
10,0.174,0.105,0.773,TF-IDF,euclidean,9
10,0.174,0.103,0.826,TF-IDF,euclidean,12
10,0.166,0.101,0.911,TF-IDF,euclidean,6
10,0.164,0.1,0.82,TF-IDF,euclidean,7
10,0.164,0.099,0.795,TF-IDF,euclidean,11
10,0.164,0.097,0.849,TF-IDF,euclidean,10
10,0.163,0.097,0.983,TF-IDF,euclidean,5
10,0.149,0.095,0.95,Share of Total,euclidean,5
10,0.134,0.09,0.813,Share of Total,euclidean,6
11,0.219,0.133,0.807,L2 Normalization,euclidean,14
11,0.219,0.132,0.766,L2 Normalization,euclidean,16
11,0.234,0.131,0.888,Share of Top 30 (L1 Norm),euclidean,6
11,0.216,0.128,0.654,L2 Normalization,euclidean,18
11,0.215,0.128,0.787,Share of Top 30 (L1 Norm),euclidean,13
11,0.216,0.127,0.638,L2 Normalization,euclidean,19
11,0.215,0.127,0.777,L2 Normalization,euclidean,15
11,0.209,0.127,0.715,Share of Top 30 (L1 Norm),euclidean,14
11,0.207,0.127,0.772,Share of Top 30 (L1 Norm),euclidean,15
11,0.202,0.127,0.819,Share of Top 30 (L1 Norm),euclidean,18
11,0.21,0.125,0.686,L2 Normalization,euclidean,17
11,0.208,0.125,0.763,L2 Normalization,euclidean,13
11,0.204,0.125,0.789,Share of Top 30 (L1 Norm),euclidean,16
11,0.177,0.125,0.946,Share of Top 30 (L1 Norm),euclidean,5
11,0.209,0.124,0.648,L2 Normalization,euclidean,20
11,0.213,0.123,0.807,Share of Top 30 (L1 Norm),euclidean,8
11,0.207,0.123,0.755,L2 Normalization,euclidean,10
11,0.205,0.123,0.769,L2 Normalization,euclidean,8
11,0.202,0.123,0.747,Share of Top 30 (L1 Norm),euclidean,19
11,0.202,0.122,0.82,L2 Normalization,euclidean,11
11,0.2,0.122,0.862,Share of Top 30 (L1 Norm),euclidean,17
11,0.203,0.121,0.817,L2 Normalization,euclidean,12
11,0.202,0.121,0.843,L2 Normalization,euclidean,7
11,0.209,0.119,0.812,Share of Top 30 (L1 Norm),euclidean,12
11,0.208,0.119,0.884,Share of Top 30 (L1 Norm),euclidean,7
11,0.2,0.119,0.932,L2 Normalization,euclidean,6
11,0.194,0.118,0.669,Share of Top 30 (L1 Norm),euclidean,20
11,0.194,0.116,0.774,L2 Normalization,euclidean,9
11,0.203,0.115,0.783,Share of Top 30 (L1 Norm),euclidean,11
11,0.2,0.114,0.748,Share of Total,euclidean,10
11,0.193,0.114,0.842,Share of Total,euclidean,9
11,0.19,0.114,0.934,L2 Normalization,euclidean,5
11,0.201,0.112,0.636,Share of Total,euclidean,18
11,0.2,0.112,0.821,Share of Total,euclidean,12
11,0.199,0.112,0.666,Share of Total,euclidean,19
11,0.193,0.112,0.848,Share of Total,euclidean,8
11,0.193,0.112,0.827,Share of Total,euclidean,7
11,0.184,0.112,0.779,TF-IDF,euclidean,18
11,0.203,0.111,0.699,Share of Total,euclidean,17
11,0.197,0.111,0.66,Share of Total,euclidean,20
11,0.199,0.109,0.723,Share of Total,euclidean,16
11,0.197,0.109,0.793,Share of Total,euclidean,11
11,0.193,0.109,0.802,Share of Total,euclidean,13
11,0.187,0.107,0.795,Share of Total,euclidean,14
11,0.187,0.107,0.767,Share of Top 30 (L1 Norm),euclidean,10
11,0.178,0.107,0.72,TF-IDF,euclidean,19
11,0.174,0.107,0.825,Share of Top 30 (L1 Norm),euclidean,9
11,0.189,0.106,0.726,Share of Total,euclidean,15
11,0.177,0.106,0.797,TF-IDF,euclidean,16
11,0.174,0.104,0.94,TF-IDF,euclidean,6
11,0.175,0.103,0.722,TF-IDF,euclidean,20
11,0.173,0.103,0.756,TF-IDF,euclidean,7
11,0.172,0.103,0.771,TF-IDF,euclidean,15
11,0.171,0.103,0.809,TF-IDF,euclidean,14
11,0.171,0.102,0.831,TF-IDF,euclidean,11
11,0.17,0.102,0.815,TF-IDF,euclidean,13
11,0.17,0.101,0.854,TF-IDF,euclidean,12
11,0.152,0.101,0.897,Share of Total,euclidean,5
11,0.171,0.1,0.732,TF-IDF,euclidean,17
11,0.166,0.1,0.739,TF-IDF,euclidean,9
11,0.161,0.097,0.949,TF-IDF,euclidean,5
11,0.144,0.097,0.935,Share of Total,euclidean,6
11,0.161,0.095,0.814,TF-IDF,euclidean,10
11,0.152,0.094,0.801,TF-IDF,euclidean,8
12,0.211,0.144,0.946,Share of Top 30 (L1 Norm),euclidean,5
12,0.217,0.133,0.834,Share of Top 30 (L1 Norm),euclidean,6
12,0.213,0.13,0.895,L2 Normalization,euclidean,7
12,0.214,0.128,0.761,L2 Normalization,euclidean,15
12,0.211,0.128,0.838,L2 Normalization,euclidean,8
12,0.211,0.126,0.777,L2 Normalization,euclidean,11
12,0.207,0.125,0.832,L2 Normalization,euclidean,9
12,0.211,0.124,0.738,L2 Normalization,euclidean,17
12,0.211,0.124,0.646,L2 Normalization,euclidean,20
12,0.202,0.124,0.734,Share of Top 30 (L1 Norm),euclidean,15
12,0.204,0.123,0.943,L2 Normalization,euclidean,5
12,0.208,0.122,0.687,L2 Normalization,euclidean,18
12,0.208,0.121,0.724,Share of Top 30 (L1 Norm),euclidean,13
12,0.2,0.121,0.807,L2 Normalization,euclidean,10
12,0.191,0.121,0.884,Share of Top 30 (L1 Norm),euclidean,7
12,0.213,0.12,0.727,Share of Total,euclidean,10
12,0.202,0.12,0.752,L2 Normalization,euclidean,14
12,0.202,0.12,0.745,L2 Normalization,euclidean,16
12,0.201,0.118,0.871,Share of Top 30 (L1 Norm),euclidean,8
12,0.201,0.118,0.66,L2 Normalization,euclidean,19
12,0.192,0.118,0.696,Share of Top 30 (L1 Norm),euclidean,14
12,0.189,0.118,0.833,Share of Total,euclidean,9
12,0.197,0.117,0.73,Share of Top 30 (L1 Norm),euclidean,16
12,0.196,0.116,0.771,L2 Normalization,euclidean,12
12,0.187,0.114,0.678,Share of Top 30 (L1 Norm),euclidean,18
12,0.184,0.114,0.683,Share of Top 30 (L1 Norm),euclidean,19
12,0.199,0.113,0.748,Share of Top 30 (L1 Norm),euclidean,11
12,0.19,0.113,0.792,L2 Normalization,euclidean,13
12,0.182,0.113,0.643,Share of Top 30 (L1 Norm),euclidean,20
12,0.185,0.112,0.737,Share of Top 30 (L1 Norm),euclidean,17
12,0.2,0.111,0.761,Share of Top 30 (L1 Norm),euclidean,12
12,0.188,0.111,0.913,L2 Normalization,euclidean,6
12,0.19,0.11,0.765,Share of Top 30 (L1 Norm),euclidean,10
12,0.197,0.109,0.776,Share of Total,euclidean,11
12,0.188,0.109,0.62,Share of Total,euclidean,19
12,0.175,0.109,0.796,Share of Total,euclidean,8
12,0.191,0.108,0.665,Share of Total,euclidean,20
12,0.182,0.106,0.696,Share of Total,euclidean,17
12,0.181,0.105,0.622,Share of Total,euclidean,18
12,0.184,0.104,0.828,Share of Total,euclidean,12
12,0.177,0.104,0.811,TF-IDF,euclidean,11
12,0.172,0.104,0.803,Share of Total,euclidean,7
12,0.161,0.104,0.857,Share of Total,euclidean,5
12,0.173,0.102,0.706,TF-IDF,euclidean,19
12,0.171,0.102,0.752,TF-IDF,euclidean,16
12,0.158,0.102,0.782,Share of Total,euclidean,6
12,0.174,0.101,0.879,Share of Total,euclidean,13
12,0.171,0.101,0.895,Share of Total,euclidean,14
12,0.171,0.101,0.842,TF-IDF,euclidean,6
12,0.168,0.101,0.716,TF-IDF,euclidean,18
12,0.176,0.1,0.757,Share of Total,euclidean,16
12,0.17,0.1,0.656,TF-IDF,euclidean,20
12,0.166,0.1,0.746,TF-IDF,euclidean,15
12,0.18,0.099,0.81,Share of Total,euclidean,15
12,0.168,0.099,0.85,TF-IDF,euclidean,5
12,0.161,0.098,0.739,TF-IDF,euclidean,13
12,0.166,0.097,0.85,Share of Top 30 (L1 Norm),euclidean,9
12,0.163,0.097,0.704,TF-IDF,euclidean,17
12,0.162,0.097,0.832,TF-IDF,euclidean,7
12,0.159,0.096,0.761,TF-IDF,euclidean,14
12,0.157,0.095,0.736,TF-IDF,euclidean,12
12,0.153,0.095,0.82,TF-IDF,euclidean,8
12,0.154,0.094,0.79,TF-IDF,euclidean,10
12,0.15,0.092,0.849,TF-IDF,euclidean,9
13,0.209,0.135,0.911,Share of Top 30 (L1 Norm),euclidean,5
13,0.223,0.132,0.838,L2 Normalization,euclidean,11
13,0.217,0.129,0.863,L2 Normalization,euclidean,7
13,0.216,0.127,0.93,Share of Total,euclidean,9
13,0.216,0.127,0.692,L2 Normalization,euclidean,15
13,0.205,0.127,0.932,Share of Top 30 (L1 Norm),euclidean,6
13,0.215,0.125,0.688,L2 Normalization,euclidean,17
13,0.211,0.125,0.755,L2 Normalization,euclidean,14
13,0.205,0.124,0.898,L2 Normalization,euclidean,5
13,0.207,0.123,0.793,L2 Normalization,euclidean,8
13,0.212,0.122,0.647,L2 Normalization,euclidean,18
13,0.209,0.122,0.81,L2 Normalization,euclidean,9
13,0.208,0.122,0.788,L2 Normalization,euclidean,12
13,0.204,0.122,0.869,Share of Top 30 (L1 Norm),euclidean,7
13,0.209,0.121,0.623,L2 Normalization,euclidean,19
13,0.202,0.121,0.783,Share of Top 30 (L1 Norm),euclidean,8
13,0.205,0.12,0.718,L2 Normalization,euclidean,16
13,0.204,0.12,0.791,L2 Normalization,euclidean,13
13,0.204,0.12,0.708,L2 Normalization,euclidean,10
13,0.203,0.12,0.678,Share of Total,euclidean,10
13,0.201,0.118,0.652,L2 Normalization,euclidean,20
13,0.198,0.117,0.791,Share of Total,euclidean,8
13,0.178,0.114,0.712,Share of Top 30 (L1 Norm),euclidean,13
13,0.199,0.113,0.722,Share of Top 30 (L1 Norm),euclidean,11
13,0.188,0.112,0.829,L2 Normalization,euclidean,6
13,0.185,0.112,0.68,Share of Top 30 (L1 Norm),euclidean,12
13,0.184,0.112,0.727,Share of Top 30 (L1 Norm),euclidean,15
13,0.195,0.11,0.737,Share of Total,euclidean,11
13,0.191,0.11,0.711,Share of Total,euclidean,13
13,0.181,0.11,0.736,Share of Top 30 (L1 Norm),euclidean,14
13,0.179,0.11,0.744,Share of Top 30 (L1 Norm),euclidean,16
13,0.185,0.109,0.66,Share of Top 30 (L1 Norm),euclidean,18
13,0.183,0.109,0.657,Share of Top 30 (L1 Norm),euclidean,19
13,0.19,0.108,0.751,Share of Total,euclidean,12
13,0.185,0.107,0.875,Share of Total,euclidean,7
13,0.193,0.106,0.596,Share of Total,euclidean,19
13,0.19,0.106,0.651,Share of Total,euclidean,18
13,0.181,0.106,0.742,TF-IDF,euclidean,15
13,0.188,0.105,0.725,Share of Total,euclidean,15
13,0.185,0.105,0.653,Share of Total,euclidean,17
13,0.18,0.104,0.77,Share of Total,euclidean,14
13,0.178,0.104,0.682,TF-IDF,euclidean,17
13,0.173,0.104,0.795,Share of Top 30 (L1 Norm),euclidean,9
13,0.173,0.104,0.705,Share of Top 30 (L1 Norm),euclidean,17
13,0.167,0.104,0.848,Share of Total,euclidean,6
13,0.175,0.103,0.866,TF-IDF,euclidean,5
13,0.173,0.103,0.721,TF-IDF,euclidean,16
13,0.158,0.103,0.88,Share of Total,euclidean,5
13,0.182,0.102,0.601,Share of Total,euclidean,20
13,0.17,0.101,0.805,Share of Top 30 (L1 Norm),euclidean,10
13,0.174,0.1,0.667,Share of Total,euclidean,16
13,0.172,0.1,0.644,TF-IDF,euclidean,20
13,0.168,0.1,0.694,TF-IDF,euclidean,18
13,0.167,0.1,0.81,TF-IDF,euclidean,10
13,0.165,0.099,0.73,TF-IDF,euclidean,13
13,0.165,0.099,0.71,TF-IDF,euclidean,12
13,0.161,0.099,0.64,Share of Top 30 (L1 Norm),euclidean,20
13,0.167,0.098,0.742,TF-IDF,euclidean,11
13,0.164,0.097,0.695,TF-IDF,euclidean,19
13,0.158,0.095,0.74,TF-IDF,euclidean,14
13,0.149,0.091,0.819,TF-IDF,euclidean,9
13,0.147,0.09,0.781,TF-IDF,euclidean,8
13,0.146,0.087,0.739,TF-IDF,euclidean,7
13,0.144,0.087,0.964,TF-IDF,euclidean,6
14,0.203,0.126,0.85,Share of Top 30 (L1 Norm),euclidean,8
14,0.193,0.126,0.939,Share of Top 30 (L1 Norm),euclidean,5
14,0.209,0.122,0.693,L2 Normalization,euclidean,15
14,0.209,0.121,0.874,Share of Total,euclidean,9
14,0.204,0.121,0.876,L2 Normalization,euclidean,7
14,0.189,0.121,0.944,Share of Top 30 (L1 Norm),euclidean,6
14,0.205,0.12,0.695,L2 Normalization,euclidean,14
14,0.202,0.119,0.753,L2 Normalization,euclidean,11
14,0.202,0.118,0.8,L2 Normalization,euclidean,9
14,0.201,0.118,0.8,L2 Normalization,euclidean,10
14,0.189,0.117,0.894,Share of Top 30 (L1 Norm),euclidean,9
14,0.202,0.116,0.661,L2 Normalization,euclidean,17
14,0.198,0.115,0.786,Share of Total,euclidean,10
14,0.194,0.114,0.912,L2 Normalization,euclidean,8
14,0.194,0.114,0.789,L2 Normalization,euclidean,12
14,0.175,0.114,0.631,Share of Top 30 (L1 Norm),euclidean,13
14,0.194,0.113,0.668,L2 Normalization,euclidean,16
14,0.181,0.113,0.948,Share of Top 30 (L1 Norm),euclidean,7
14,0.191,0.112,0.78,Share of Top 30 (L1 Norm),euclidean,10
14,0.191,0.112,0.739,L2 Normalization,euclidean,13
14,0.186,0.112,0.661,Share of Top 30 (L1 Norm),euclidean,15
14,0.192,0.11,0.777,Share of Total,euclidean,8
14,0.186,0.11,0.812,L2 Normalization,euclidean,6
14,0.181,0.11,0.856,L2 Normalization,euclidean,5
14,0.188,0.109,0.694,Share of Total,euclidean,13
14,0.176,0.109,0.622,Share of Top 30 (L1 Norm),euclidean,12
14,0.189,0.108,0.916,Share of Total,euclidean,7
14,0.193,0.107,0.696,Share of Total,euclidean,11
14,0.189,0.107,0.611,L2 Normalization,euclidean,18
14,0.184,0.107,0.591,L2 Normalization,euclidean,19
14,0.18,0.107,0.73,Share of Top 30 (L1 Norm),euclidean,11
14,0.178,0.107,0.781,TF-IDF,euclidean,10
14,0.174,0.107,0.698,Share of Top 30 (L1 Norm),euclidean,14
14,0.174,0.107,0.668,Share of Top 30 (L1 Norm),euclidean,16
14,0.195,0.106,0.714,Share of Total,euclidean,15
14,0.181,0.106,0.596,L2 Normalization,euclidean,20
14,0.18,0.106,0.643,Share of Top 30 (L1 Norm),euclidean,18
14,0.178,0.106,0.676,Share of Top 30 (L1 Norm),euclidean,17
14,0.178,0.105,0.711,TF-IDF,euclidean,13
14,0.187,0.104,0.726,Share of Total,euclidean,12
14,0.173,0.104,0.637,Share of Top 30 (L1 Norm),euclidean,20
14,0.17,0.104,0.928,Share of Total,euclidean,6
14,0.185,0.103,0.719,Share of Total,euclidean,14
14,0.178,0.103,0.648,Share of Total,euclidean,17
14,0.175,0.103,0.606,Share of Top 30 (L1 Norm),euclidean,19
14,0.163,0.102,0.934,Share of Total,euclidean,5
14,0.176,0.1,0.657,Share of Total,euclidean,16
14,0.176,0.1,0.6,Share of Total,euclidean,19
14,0.171,0.1,0.713,TF-IDF,euclidean,15
14,0.17,0.1,0.849,TF-IDF,euclidean,7
14,0.171,0.099,0.744,TF-IDF,euclidean,16
14,0.168,0.099,0.97,TF-IDF,euclidean,5
14,0.168,0.099,0.699,TF-IDF,euclidean,14
14,0.167,0.099,0.861,TF-IDF,euclidean,8
14,0.17,0.097,0.582,Share of Total,euclidean,18
14,0.164,0.097,0.934,TF-IDF,euclidean,6
14,0.164,0.097,0.871,TF-IDF,euclidean,9
14,0.162,0.096,0.746,TF-IDF,euclidean,12
14,0.162,0.096,0.669,TF-IDF,euclidean,17
14,0.166,0.094,0.576,Share of Total,euclidean,20
14,0.155,0.092,0.748,TF-IDF,euclidean,11
14,0.155,0.091,0.683,TF-IDF,euclidean,19
14,0.148,0.088,0.644,TF-IDF,euclidean,18
14,0.141,0.084,0.602,TF-IDF,euclidean,20
